3 Bit ; 0,47
9 Mile svietiaca vodka 37,5 % ; 15,99
Absolut vodka 40 % ; 11,99
Actimel ; 1,89
Ady feferóny guľaté pikant ; 2,49
Airwick osviežovač vzduchu ; 4,05
Alaska kukuričné trubičky ; 0,14
Alpro ryžový výrobok na varenie ; 1,39
Argeta paštéta ; 1,19
Ariel prací gél ; 12,99
Ariel pracie kapsuly ; 23,99
Baron bravčová šunka 82% ; 0,69
Baron hradčanská šunka ; 1,29
Bear ovocné rolky ; 0,92
BeBe Dobré ráno tyčinka ; 0,75
Beefeater 40 % ; 12,99
Beefeater gin tonic pink 4,9 % ; 2,19
Bella Cucina ; 4,29
Bestway bazén s kovovým rámom ; 99,99
Bonduelle hrášok v mierne slanom náleve ; 1,29
Bostavan Gold ; 2,59
Bounty mliečna kokosová zmrzlina s kakaovou polevou ; 4,29
Bravčové stehno bez kosti ; 4,18
Bref WC blok ; 2,99
Broskyne ; 1,49
Bulldog olej na fúzy ; 6,09
Bumbu rum 35 % ; 33,59
Cafe Peppino Crema di Milano espresso ; 8,99
Cappy ; 1,49
Carte d´Or ; 4,99
Castrol motorový olej ; 9,99
Chateau Noir ; 3,29
Chio tortily ; 1,29
Cibuľa ; 1,29
Cillit Bang sprej ; 3,49
Citróny ; 1,69
Coca-Cola ; 1,29
Coca-Cola (6 x 330 ml) ; 2,95
Colgate zubná pasta ; 1,19
Corgoň 10° ; 0,45
Cuketa ; 1,19
Cyrilove lupienky ; 1,19
Daewoo akumulátorová uhlová brúska ; 29,99
Daewoo akumulátorová vŕtačka ; 24,99
Daewoo lítiová batéria ; 27,99
Danette dezert ; 2,29
DayUp vegan nápoj ; 0,84
Debrecínska pečienka ; 0,75
Dekoračné klipsy ; 3,19
DentaLife pochúťka pre psy ; 1,35
Dos Monarcas XO rum 40 % ; 31,99
Dr. Oetker Guseppe pizza ; 2,19
Dr. Oetker Ristorante pizza bez lepku ; 3,69
Dublin Dairy írsky čedar ; 2,69
Dyňa červená sladká bezjadierková ; 0,88
dzie na guláš ; 3,89
Elegancia 365 ; 1,89
Elmex zubná pasta ; 4,69
Feeder krmivo kapor ; 1,79
Felix kapsičky pre mačky ; 5,59
Felix pochúťky pre mačky ; 1,09
Figaro Tatiana ; 3,45
Finish kapsuly do umývačky riadu ; 14,59
Fragile mrazený krém s jahodovou a citrónovou príchuťou ; 0,59
Fred&Flo vlhčené utierky ; 3,79
Friskies Funtastix pochúťka pre psy ; 1,75
Friskies granuly pre psy ; 8,99
Funburst podložka penová ; 12,99
Gambrinus 10 ; 0,55
Gambrinus fľaša ; 0,45
Giana tresčia pečeň vo vlastnom oleji ; 1,39
Giana tuniakový šalát ; 1,19
Gillette jednorazové žiletky ; 7,19
GO Play Easy Up bazén ; 25,99
Golden 38 % ; 6,99
Gordon´s gin 37,5 % ; 13,99
Grepfruit červený ; 1,49
Hamánek detská výživa v skle ; 0,99
Hamánek mäsovo-zeleninový príkrm ; 1,25
Hami mlieko pre batoľatá ; 9,19
Hami ovocná kapsička ; 0,89
Hamsik Aqua ; 0,47
Haribo ; 0,79
Harmony Comfort toaletný papier ; 6,99
Harmony Kuchynské utierky ; 2,89
Harmony toaletný papier ; 3,99
Heinz kečup ; 2,75
Heinz majonéza classic ; 2,69
Hell energetický drink ; 0,59
Hellmann's omáčka ; 1,89
Hochwald ľadová káva ; 0,99
Horal 5 % ; 1,99
Hubert l'original ; 6,39
Hyza Gril mix – kuracie stehná horné ; 4,59
Intex detský bazénik palma nafukovací ; 15,99
Intex nafukovací jednorožec ; 11,99
Intex nafukovací matrac nanuk ; 7,69
Intex nafukovacia veľryba ; 9,99
Intex nafukovacie koleso pneumatika ; 5,39
Jablká Evelina, ukladané ; 1,49
Jacobs cappucino ; 1,89
Jacobs Krönung ; 3,99
Jägermeister 35% ; 9,99
Jar kapsuly do umývačky riadu ; 29,99
Jar leštidlo na riad ; 3,99
Jemná saláma ; 0,39
Karička roztierateľný tavený syr XXL ; 2,99
Kinder mliečny rez ; 0,49
Kitty Mačacie dievčatá ; 2,99
Korunný cukor kryštálový ; 1,09
Koskenkorva vodka 40 % ; 12,99
Králik mladý celý ; 6,89
Krušovice královský originál 10° ; 0,59
Kubík detský nápoj ; 0,59
Kukkonia mlieko delakto 1,5% ; 0,69
Kuracie rezne ; 4,65
Kváskový barbecue bochník bez E ; 1,19
Le COQ ; 1,49
Legenda cherry spiced 35 % ; 13,49
Lenor aviváž ; 4,99
Lipton Ice Tea ; 1,15
Lovela prací gél ; 9,99
Ľubovnianka magnéziová prírodná minerálna voda ; 0,44
Lučina mozzarella ; 1,29
Mango ; 0,95
Manner oblátky ; 0,75
Marlenka snack ; 1,55
Mecom cisárske párky ; 1,99
Melón žltý ; 1,39
Milka Cookie Loop sušienky ; 1,55
Milko grécky jogurt ; 0,65
Mini Babybel ; 1,99
Mini dyňa červená ; 0,89
Mitická minerálna voda ; 0,33
Monster energetický drink ; 1,09
Monte Cookie crunch ; 1,35
Monte mliečny dezert ; 0,89
Moscato de Luxe ; 1,75
Mövenpick jahodový mrazený krém ; 5,49
Naše vinohrady ; 6,29
Natur farm sirup ; 2,99
Nescafé Dolce Gusto ; 13,59
Nestlé Fitness Cereálie ; 3,79
Next Kangaroo ; 3,29
Niva originál delakto ; 1,69
Niva tavený syr v črievku ; 1,09
Nord Gril klobásky mix ; 3,19
Nutella sušienky ; 2,29
Obyčajné párky ; 0,45
Old Herold destilát Maruna marhuľovica 45 % ; 19,99
Old Spice dezodorant ; 3,19
Opavia Brumík ; 0,38
Opavia Zlaté Esíčka ; 1,19
Opavia Zlaté oblátky ; 0,79
Orion banány v čokoláde ; 0,49
Orion Deli ; 0,43
Orion Študentská pečať ; 1,49
Pagáč oškvarkový ; 0,45
Pampers active baby pants ; 13,99
Pampers Premium Value Pack ; 12,99
Pampers vlhčené utierky ; 2,99
Panzani cestoviny ; 1,69
Paradajky cherry Hranáčik ; 2,99
Paradiso pieskovisko mušle ; 6,99
Pe-Po tekutý podpaľovač pre grily ; 3,49
Pedigree kapsičky pre psy ; 4,39
Pedigree pochúťka pre psy ; 1,59
Penam chlieb zemiakový ; 1,49
Penová vodná pištoľ s rybičkou ; 2,19
Persil prací prášok ; 10,99
Pilsner Urquell ; 0,95
Plážové skladacie ležadlo Lido ; 8,99
Pliska XO brandy 40 % ; 17,49
Podravka ajvar ; 1,99
Pom-Bär ; 0,99
Powerplus Dvojkotúčová brúska s flexibilným hriadeľom ; 35,99
Powerplus pokosová píla ; 74,99
PREDIUM Vráble ; 6,19
Preto lahôdkové vajce ; 0,79
Preto rybí šalát exklusiv ; 1,09
Prima Mrož smoothie jahoda ; 0,99
Prima Pegas Premium King Cone vanilka a karamel kornút ; 0,99
Prima Pribináček mrazený tvarohový vanilkový a kakaový krém v mliečnej kakaovej poleve ; 0,69
Punčové rezy ; 3,39
Purina One granuly pre mačky ; 4,79
R. Jelínek budík slivovica 50 % ; 16,99
Rajec pramenitá voda ; 0,44
Rajo Fit tvaroh ; 1,19
Rajo Lakto Free bezlaktózový smotanový jogurt ; 0,55
Rajo Lakto Free šľahačka v spreji 22% ; 1,99
Rajo smotana na šľahanie 30% ; 1,59
Rajo smotana pochúťková kyslá 14% ; 1,29
Rekordy na 4 kolesách ; 1,99
Relax džús 100% ; 1,39
Rex prací gél ; 9,99
Rexona Dezodorant ; 3,75
Rexona Dezodorant (2) ; 2,69
Rio Cold Press 100 % jablko ; 2,29
Šariš 10° ; 0,55
Savo bazénová chémia ; 5,39
Savo Perex ; 2,55
Schweppes tonic ; 1,09
Sheron letná zmes do ostrekovačov ; 2,99
Silan aviváž ; 3,99
sité guľôčky s cestovinami, zeleninou a korenistou paradajkovou omáčkou ; 2,05
Slovenská bravčová krkovička bez kosti ; 5,49
Slovenské vinice Folk ; 2,99
Slovenský výber ; 3,99
Smädný Mních 10° ; 0,44
so z bravčového pleca ; 2,59
Somat gél do umývačky riadu ; 15,99
sovo- -zeleninový príkrm ; 1,39
Špekáčiky ; 0,79
Spišiacka borovička 40 % ; 5,49
Sprievodca prírodou ; 5,49
St Michel Tronches de Cake ; 3,09
Sunar Cool 100% ovocné pyré ; 0,99
Sunar ovocná kašička ; 1,29
Svijany máz 11° ; 0,79
Syrový slimák ; 0,75
Tami tatranské maslo ; 1,49
Tatra Mlsni.si tvarohový mix ; 0,79
Tauris Gril klobása bruschetta ; 1,89
Tauris Zipser špekáčiky ; 0,99
Teleskopická vodná pištoľ ; 5,39
Tesco bravčové rebrá ; 4,69
Tesco cestoviny ; 0,95
Tesco finest ; 4,19
Tesco Finest (Nitria) ; 8,99
Tesco Grill Master bavorská klobása ; 2,39
Tesco Grill Master camembert s koreninami na grilovanie ; 0,79
Tesco Grill Master kuracie stehná horné a dolné korenené ; 4,19
Tesco Grill Master maďarská klobáska ; 2,79
Tesco Grill Master tofu v cibuľovej marináde ; 0,79
Tesco kurča a dve štvrte ; 2,59
Tesco maliny ; 1,29
Tesco ocot 8% ; 0,49
Tesco olej ; 1,75
Tesco pistácie pražené solené ; 2,79
Tesco Plant Chef fermentovaný dezert z kokosového nápoja ; 0,79
Tesco pojazdný gril ; 29,99
Tesco slovenské víno ; 3,29
Tesco solárne svietidlo čierne ; 3,89
Tesco vajcia ; 4,79
Tesco záhradný slnečník ; 7,99
Thymos tekutá marináda ; 0,79
Tofu biele ; 0,75
Tokaji ; 2,39
Tokajská pálivá saláma ; 1,39
Tortily mini ; 1,49
TS Grill Master Zaúdená klobasa ; 3,59
Tullamore Dew 40 % ; 12,99
Twister Monstaah ; 0,69
Tyčinka s vanilkovou príchuťou ; 0,44
Uhorka šalátová ; 0,35
Urpiner 12° ; 0,59
Vanish odstraňovač škvŕn ; 7,49
Velkopopovický Kozel 10° ; 0,55
Vianočka s mandľami ; 1,95
Viennetta vanilka ; 2,29
Villa Vino Rača Exclusive ; 5,29
Viňa Albali ; 3,19
Violife plátky s príchuťou eidam ; 2,19
Vodná pištoľ ; 4,49
Vodná pištoľ s rozprávkovým motívom ; 3,79
VZ Topoľčianky ; 2,99
Westside záhradné polohovateľné ležadlo ; 21,99
WF ; 2,99
Whiskas kapsičky pre mačky ; 5,59
Zeleninárska Kráľovské zemiaky konzumné ; 2,49
Zlatá studňa sirup ; 1,49
Zlatý Bažant 10° ; 0,39
Zlatý Bažant radler 0,0 % ; 0,69
Zolotoe Igristoe ; 2,19
